0,1,2,3,4,5,6,7,8,9,10,11,12,13,14
고령다산주공1차아파트,국민임대,경상북도 고령군 다산면 상곡길 28,2005-12-05,290,아파트,계단식,개별가스난방,전체동 설치,LH대구경북,59.99㎡,20.15㎡,"25,419,000원","121,980원","12,000,000원"
고령다산주공1차아파트,국민임대,경상북도 고령군 다산면 상곡길 28,2005-12-05,290,아파트,계단식,개별가스난방,전체동 설치,LH대구경북,51.66㎡,17.91㎡,"22,876,000원","96,580원","7,000,000원"
경산상방,국민임대,경상북도 경산시 남매로6길 7,2006-12-07,528,아파트,혼합식,개별가스난방,전체동 설치,LH대구경북,59.99㎡,20.30㎡,"26,217,000원","212,210원","25,000,000원"
경산상방,국민임대,경상북도 경산시 남매로6길 7,2006-12-07,528,아파트,혼합식,개별가스난방,전체동 설치,LH대구경북,46.61㎡,15.77㎡,"16,229,000원","121,070원","12,000,000원"
경산상방,국민임대,경상북도 경산시 남매로6길 7,2006-12-07,528,아파트,혼합식,개별가스난방,전체동 설치,LH대구경북,46.67㎡,15.79㎡,"16,229,000원","121,070원","12,000,000원"
경산상방,국민임대,경상북도 경산시 남매로6길 7,2006-12-07,528,아파트,혼합식,개별가스난방,전체동 설치,LH대구경북,51.86㎡,17.54㎡,"19,973,000원","184,760원","22,000,000원"
경산상방,국민임대,경상북도 경산시 남매로6길 7,2006-12-07,528,아파트,혼합식,개별가스난방,전체동 설치,LH대구경북,51.86㎡,18.30㎡,"19,973,000원","184,760원","22,000,000원"
경산상방,국민임대,경상북도 경산시 남매로6길 7,2006-12-07,528,아파트,혼합식,개별가스난방,전체동 설치,LH대구경북,59.99㎡,20.02㎡,"26,217,000원","212,210원","25,000,000원"
김천덕곡주공아파트,국민임대,경상북도 김천시 무실7길 38,2006-09-29,594,아파트,복도식,개별가스난방,전체동 설치,LH대구경북,59.88㎡,23.32㎡,"21,221,000원","163,530원","19,000,000원"
김천덕곡주공아파트,국민임대,경상북도 김천시 무실7길 38,2006-09-29,594,아파트,복도식,개별가스난방,전체동 설치,LH대구경북,36.66㎡,14.27㎡,"8,738,000원","86,140원","5,000,000원"
김천덕곡주공아파트,국민임대,경상북도 김천시 무실7길 38,2006-09-29,594,아파트,복도식,개별가스난방,전체동 설치,LH대구경북,51.93㎡,20.22㎡,"18,101,000원","127,320원","13,000,000원"
금장주공아파트,국민임대,경상북도 경주시 현곡면 안현로 43-6,2007-05-06,526,아파트,혼합식,개별가스난방,전체동 설치,LH대구경북,59.99㎡,20.02㎡,"28,465,000원","194,730원","23,000,000원"
금장주공아파트,국민임대,경상북도 경주시 현곡면 안현로 43-6,2007-05-06,526,아파트,혼합식,개별가스난방,전체동 설치,LH대구경북,51.77㎡,18.27㎡,"21,221,000원","149,810원","17,000,000원"
금장주공아파트,국민임대,경상북도 경주시 현곡면 안현로 43-6,2007-05-06,526,아파트,혼합식,개별가스난방,전체동 설치,LH대구경북,51.86㎡,18.30㎡,"21,221,000원","149,810원","17,000,000원"
영주가흥주공,50년임대,경상북도 영주시 대학로 130,1993-09-30,296,아파트,복도식,중앙가스난방,전체동 설치,LH대구경북,49.69㎡,18.07㎡,"10,225,000원","197,100원","23,000,000원"
영주가흥주공,50년임대,경상북도 영주시 대학로 130,1993-09-30,296,아파트,복도식,중앙가스난방,전체동 설치,LH대구경북,37.67㎡,15.48㎡,"8,008,000원","171,070원","20,000,000원"
영주가흥주공,50년임대,경상북도 영주시 대학로 130,1993-09-30,296,아파트,복도식,중앙가스난방,전체동 설치,LH대구경북,49.36㎡,19.79㎡,"10,444,000원","199,580원","23,000,000원"
부곡주공2차아파트,영구임대,경상북도 김천시 문지왈길 68,1995-08-17,388,아파트,복도식,중앙유류난방,전체동 설치,LH대구경북,31.32㎡,10.87㎡,"8,933,000원","131,420원","15,000,000원"
부곡주공2차아파트,영구임대,경상북도 김천시 문지왈길 68,1995-08-17,388,아파트,복도식,중앙유류난방,전체동 설치,LH대구경북,26.37㎡,10.17㎡,"7,739,000원","117,370원","14,000,000원"
김천대신휴먼시아,국민임대,경상북도 김천시 시청로 93,2009-09-29,422,아파트,복도식,개별가스난방,전체동 설치,LH대구경북,51.93㎡,22.72㎡,"24,528,000원","204,390원","24,000,000원"
김천대신휴먼시아,국민임대,경상북도 김천시 시청로 93,2009-09-29,422,아파트,복도식,개별가스난방,전체동 설치,LH대구경북,36.62㎡,16.68㎡,"12,138,000원","101,560원","8,000,000원"
김천대신휴먼시아,국민임대,경상북도 김천시 시청로 93,2009-09-29,422,아파트,복도식,개별가스난방,전체동 설치,LH대구경북,46.9㎡,20.52㎡,"19,819,000원","166,000원","19,000,000원"
경산백천주공,영구임대,경상북도 경산시 경청로222길 7,1995-08-31,388,아파트,복도식,중앙가스난방,전체동 설치,LH대구경북,31.32㎡,10.87㎡,"9,961,000원","137,810원","16,000,000원"
경산백천주공,영구임대,경상북도 경산시 경청로222길 7,1995-08-31,388,아파트,복도식,중앙가스난방,전체동 설치,LH대구경북,26.37㎡,10.17㎡,"8,624,000원","123,250원","14,000,000원"
진우하이츠아파트,국민임대,경상북도 청송군 청송읍 길안청송로 1657,1999-09-02,203,아파트,복도식,개별가스난방,전체동 설치,LH대구경북,49.48㎡,14.04㎡,"14,820,000원","81,930원","4,000,000원"
진우하이츠아파트,국민임대,경상북도 청송군 청송읍 길안청송로 1657,1999-09-02,203,아파트,복도식,개별가스난방,전체동 설치,LH대구경북,39.52㎡,10.38㎡,"8,675,000원","48,190원",0원
대궁빌라,국민임대,경상북도 포항시 남구 연일읍 동문로40번길 43,2000-04-03,38,아파트,복도식,개별가스난방,미설치,LH대구경북,43.26㎡,15.24㎡,"7,964,000원","56,550원",0원
포항태웅하이츠,국민임대,경상북도 포항시 남구 오천읍 문덕로12번길 23,2002-08-11,6,아파트,계단식,개별가스난방,미설치,LH대구경북,59.99㎡,11.49㎡,"21,302,000원","117,500원","11,000,000원"
포항태웅하이츠,국민임대,경상북도 포항시 남구 오천읍 문덕로12번길 23,2002-08-11,6,아파트,계단식,개별가스난방,미설치,LH대구경북,59.77㎡,11.32㎡,"21,302,000원","117,500원","11,000,000원"
포항보광그린파크,국민임대,경상북도 포항시 남구 오천읍 오어로 303,2000-08-12,174,아파트,혼합식,개별가스난방,미설치,LH대구경북,59.98㎡,13.06㎡,"19,094,000원","105,520원","9,000,000원"
포항보광그린파크,국민임대,경상북도 포항시 남구 오천읍 오어로 303,2000-08-12,174,아파트,혼합식,개별가스난방,미설치,LH대구경북,37.20㎡,8.05㎡,"7,585,000원","41,770원",0원
포항보광그린파크,국민임대,경상북도 포항시 남구 오천읍 오어로 303,2000-08-12,174,아파트,혼합식,개별가스난방,미설치,LH대구경북,59.98㎡,6.53㎡,"19,094,000원","105,520원","9,000,000원"
영주장미마을아파트,국민임대,경상북도 영주시 원당로275번길 31-1,,29,아파트,계단식,개별가스난방,미설치,LH대구경북,59.91㎡,7.14㎡,"14,330,000원","79,140원","3,000,000원"
영주장미마을아파트,국민임대,경상북도 영주시 원당로275번길 31-1,,29,아파트,계단식,개별가스난방,미설치,LH대구경북,59.31㎡,7.14㎡,"14,330,000원","79,140원","3,000,000원"
고령다산휴먼시아 3단지,국민임대,경상북도 고령군 다산면 평리6길 30,2010-11-28,474,아파트,혼합식,개별가스난방,전체동 설치,LH대구경북,51.93㎡,22.71㎡,"21,868,000원","123,750원","12,000,000원"
고령다산휴먼시아 3단지,국민임대,경상북도 고령군 다산면 평리6길 30,2010-11-28,474,아파트,혼합식,개별가스난방,전체동 설치,LH대구경북,36.52㎡,15.97㎡,"9,731,000원","72,080원","2,000,000원"
고령다산휴먼시아 3단지,국민임대,경상북도 고령군 다산면 평리6길 30,2010-11-28,474,아파트,혼합식,개별가스난방,전체동 설치,LH대구경북,36.8㎡,16.09㎡,"9,731,000원","72,080원","2,000,000원"
고령다산휴먼시아 3단지,국민임대,경상북도 고령군 다산면 평리6길 30,2010-11-28,474,아파트,혼합식,개별가스난방,전체동 설치,LH대구경북,46.9㎡,20.51㎡,"17,302,000원","108,130원","9,000,000원"
고령다산휴먼시아 3단지,국민임대,경상북도 고령군 다산면 평리6길 30,2010-11-28,474,아파트,혼합식,개별가스난방,전체동 설치,LH대구경북,46.94㎡,20.53㎡,"17,302,000원","108,130원","9,000,000원"
고령다산휴먼시아 3단지,국민임대,경상북도 고령군 다산면 평리6길 30,2010-11-28,474,아파트,혼합식,개별가스난방,전체동 설치,LH대구경북,51.72㎡,22.62㎡,"21,868,000원","123,750원","12,000,000원"
구미옥계 휴먼시아2단지,국민임대,경상북도 구미시 옥계북로 43-52,2011-07-08,998,아파트,혼합식,개별가스난방,전체동 설치,LH대구경북,59.61㎡,27.03㎡,"34,398,000원","228,540원","27,000,000원"
구미옥계 휴먼시아2단지,국민임대,경상북도 구미시 옥계북로 43-52,2011-07-08,998,아파트,혼합식,개별가스난방,전체동 설치,LH대구경북,33.8㎡,15.33㎡,"13,158,000원","90,020원","6,000,000원"
구미옥계 휴먼시아2단지,국민임대,경상북도 구미시 옥계북로 43-52,2011-07-08,998,아파트,혼합식,개별가스난방,전체동 설치,LH대구경북,39.9㎡,18.09㎡,"16,737,000원","110,790원","10,000,000원"
구미옥계 휴먼시아2단지,국민임대,경상북도 구미시 옥계북로 43-52,2011-07-08,998,아파트,혼합식,개별가스난방,전체동 설치,LH대구경북,39.99㎡,18.13㎡,"16,737,000원","110,790원","10,000,000원"
구미옥계 휴먼시아2단지,국민임대,경상북도 구미시 옥계북로 43-52,2011-07-08,998,아파트,혼합식,개별가스난방,전체동 설치,LH대구경북,46.7㎡,21.18㎡,"21,931,000원","147,740원","17,000,000원"
구미옥계 휴먼시아2단지,국민임대,경상북도 구미시 옥계북로 43-52,2011-07-08,998,아파트,혼합식,개별가스난방,전체동 설치,LH대구경북,46.75㎡,21.20㎡,"21,931,000원","147,740원","17,000,000원"
경산사동 휴먼시아 2단지,국민임대,경상북도 경산시 솔숲길 100,2009-04-23,521,아파트,복도식,개별가스난방,전체동 설치,LH대구경북,51.93㎡,25.55㎡,"22,969,000원","194,730원","23,000,000원"
경산사동 휴먼시아 2단지,국민임대,경상북도 경산시 솔숲길 100,2009-04-23,521,아파트,복도식,개별가스난방,전체동 설치,LH대구경북,39.82㎡,19.59㎡,"13,731,000원","117,330원","11,000,000원"
경산사동 휴먼시아 2단지,국민임대,경상북도 경산시 솔숲길 100,2009-04-23,521,아파트,복도식,개별가스난방,전체동 설치,LH대구경북,46.9㎡,23.08㎡,"18,726,000원","158,540원","19,000,000원"
포항대궁꿈마을,국민임대,경상북도 포항시 남구 오천읍 냉천로 340,2002-,18,아파트,복도식,개별가스난방,전체동 설치,LH대구경북,59.40㎡,21.30㎡,"23,117,000원","128,560원","13,000,000원"
포항장량 천년나무 6단지,국민임대,경상북도 포항시 북구 장량중앙로100번길 1,2015-07-10,960,아파트,복도식,개별가스난방,전체동 설치,LH대구경북,46.45㎡,22.61㎡,"21,063,000원","246,750원","29,000,000원"
포항장량 천년나무 6단지,국민임대,경상북도 포항시 북구 장량중앙로100번길 1,2015-07-10,960,아파트,복도식,개별가스난방,전체동 설치,LH대구경북,29.66㎡,14.44㎡,"7,350,000원","154,350원","18,000,000원"
포항장량 천년나무 6단지,국민임대,경상북도 포항시 북구 장량중앙로100번길 1,2015-07-10,960,아파트,복도식,개별가스난방,전체동 설치,LH대구경북,36.59㎡,17.81㎡,"9,450,000원","194,250원","23,000,000원"
경북김천혁신 Aa-1BL 국민임대주택,국민임대,경상북도 김천시 해오름1로 17,2016-11-30,938,아파트,,개별가스난방,,LH대구경북,46.94㎡,22.82㎡,"23,095,000원","256,080원","30,000,000원"
경북김천혁신 Aa-1BL 국민임대주택,국민임대,경상북도 김천시 해오름1로 17,2016-11-30,938,아파트,,개별가스난방,,LH대구경북,26.9㎡,13.07㎡,"7,708,000원","137,410원","15,000,000원"
경북김천혁신 Aa-1BL 국민임대주택,국민임대,경상북도 김천시 해오름1로 17,2016-11-30,938,아파트,,개별가스난방,,LH대구경북,33.92㎡,16.49㎡,"9,719,000원","168,640원","20,000,000원"
포항금호어울림,10년임대,경상북도 포항시 북구 우창동로 157,2008-12,35,아파트,계단식,개별가스난방,전체동 설치,LH대구경북,84.95㎡,31.72㎡,"60,411,000원","258,900원",0원
포항금호어울림,10년임대,경상북도 포항시 북구 우창동로 157,2008-12,35,아파트,계단식,개별가스난방,전체동 설치,LH대구경북,84.81㎡,35.56㎡,"60,411,000원","258,900원",0원
경주용강1단지(증축 영구임대주택),영구임대,경상북도 경주시 승삼1길 34,2019-08-31,232,아파트,복도식,,,LH대구경북,26.77㎡,10.91㎡,"3,102,000원","69,030원","5,000,000원"
경주용강1단지(증축 영구임대주택),영구임대,경상북도 경주시 승삼1길 34,2019-08-31,232,아파트,복도식,,,LH대구경북,19.92㎡,8.12㎡,"2,308,000원","51,360원","3,000,000원"
안동송현2,영구임대,경상북도 안동시 경북대로 467,,1,아파트,,,,LH대구경북,49.98㎡,0㎡,0원,0원,0원
고령다산2단지,국민임대,경상북도 고령군 다산면 상곡길 85,2007-10-06,496,아파트,혼합식,개별가스난방,전체동 설치,LH대구경북,59.61㎡,25.06㎡,"25,840,000원","143,000원","16,000,000원"
고령다산2단지,국민임대,경상북도 고령군 다산면 상곡길 85,2007-10-06,496,아파트,혼합식,개별가스난방,전체동 설치,LH대구경북,36.66㎡,15.41㎡,"8,955,000원","75,240원","3,000,000원"
고령다산2단지,국민임대,경상북도 고령군 다산면 상곡길 85,2007-10-06,496,아파트,혼합식,개별가스난방,전체동 설치,LH대구경북,51.93㎡,21.83㎡,"21,701,000원","121,650원","12,000,000원"
에덴타운,국민임대,경상북도 경주시 안강읍 구부랑4길 24-22,1996-11-28,57,아파트,계단식,개별가스난방,미설치,LH대구경북,40㎡,8.60㎡,"6,485,000원","48,360원",0원
북삼휴먼시아,국민임대,경상북도 칠곡군 북삼읍 북삼로 200,2009-07-22,326,아파트,혼합식,개별가스난방,전체동 설치,LH대구경북,59.93㎡,25.55㎡,"22,719,000원","168,520원","20,000,000원"
북삼휴먼시아,국민임대,경상북도 칠곡군 북삼읍 북삼로 200,2009-07-22,326,아파트,혼합식,개별가스난방,전체동 설치,LH대구경북,39.99㎡,17.45㎡,"11,109,000원","82,380원","4,000,000원"
북삼휴먼시아,국민임대,경상북도 칠곡군 북삼읍 북삼로 200,2009-07-22,326,아파트,혼합식,개별가스난방,전체동 설치,LH대구경북,45.86㎡,19.55㎡,"14,855,000원","109,840원","9,000,000원"
구미황상3주공아파트,영구임대,경상북도 구미시 검성로 115,1991-03-27,600,아파트,복도식,개별가스난방,미설치,LH대구경북,26.34㎡,13.75㎡,"3,138,000원","69,820원","7,000,000원"
영천문내주공,국민임대,경상북도 영천시 충효로 9,2007-09-20,506,아파트,혼합식,개별가스난방,전체동 설치,LH대구경북,59.6㎡,22.69㎡,"21,097,000원","144,800원","16,000,000원"
영천문내주공,국민임대,경상북도 영천시 충효로 9,2007-09-20,506,아파트,혼합식,개별가스난방,전체동 설치,LH대구경북,51.69㎡,20.02㎡,"15,628,000원","107,340원","9,000,000원"
예천대심주공아파트,국민임대,경상북도 예천군 예천읍 봉덕로 52,2007-07-03,355,아파트,혼합식,개별가스난방,전체동 설치,LH대구경북,59.88㎡,24.09㎡,"21,221,000원","143,550원","16,000,000원"
예천대심주공아파트,국민임대,경상북도 예천군 예천읍 봉덕로 52,2007-07-03,355,아파트,혼합식,개별가스난방,전체동 설치,LH대구경북,36.66㎡,14.74㎡,"8,113,000원","67,400원","1,000,000원"
예천대심주공아파트,국민임대,경상북도 예천군 예천읍 봉덕로 52,2007-07-03,355,아파트,혼합식,개별가스난방,전체동 설치,LH대구경북,51.77㎡,20.82㎡,"17,228,000원","117,330원","11,000,000원"
경주일천푸른마을,국민임대,경상북도 경주시 안강읍 화전남1길 7-6,2009-02,51,아파트,계단식,개별가스난방,일부동 설치,LH대구경북,59.71㎡,13.49㎡,"18,659,000원","103,120원","8,000,000원"
경주일천푸른마을,국민임대,경상북도 경주시 안강읍 화전남1길 7-6,2009-02,51,아파트,계단식,개별가스난방,일부동 설치,LH대구경북,49.52㎡,10.34㎡,"14,162,000원","77,940원","3,000,000원"
경주일천푸른마을,국민임대,경상북도 경주시 안강읍 화전남1길 7-6,2009-02,51,아파트,계단식,개별가스난방,일부동 설치,LH대구경북,59.68㎡,17.44㎡,"19,259,000원","106,720원","9,000,000원"
경주일천푸른마을,국민임대,경상북도 경주시 안강읍 화전남1길 7-6,2009-02,51,아파트,계단식,개별가스난방,일부동 설치,LH대구경북,59.68㎡,29.96㎡,"19,259,000원","106,720원","9,000,000원"
경주일천푸른마을,국민임대,경상북도 경주시 안강읍 화전남1길 7-6,2009-02,51,아파트,계단식,개별가스난방,일부동 설치,LH대구경북,59.71㎡,11.92㎡,"18,659,000원","103,120원","8,000,000원"
예천덕흥장미아파트,국민임대,경상북도 예천군 예천읍 대심1길 19,,13,아파트,혼합식,개별가스난방,미설치,LH대구경북,59.83㎡,6.24㎡,"14,774,000원","81,540원","4,000,000원"
예천덕흥장미아파트,국민임대,경상북도 예천군 예천읍 대심1길 19,,13,아파트,혼합식,개별가스난방,미설치,LH대구경북,58.46㎡,18.74㎡,"14,330,000원","79,140원","3,000,000원"
예천덕흥장미아파트,국민임대,경상북도 예천군 예천읍 대심1길 19,,13,아파트,혼합식,개별가스난방,미설치,LH대구경북,59.64㎡,6.11㎡,"14,774,000원","81,540원","4,000,000원"
경산삼주봉황2차,국민임대,경상북도 경산시 진량읍 봉황길 36,1996-12,4,아파트,복도식,개별가스난방,전체동 설치,LH대구경북,59.26㎡,21.96㎡,"19,076,000원","106,510원","9,000,000원"
고령덕경인터빌,국민임대,경상북도 고령군 대가야읍 덕경길 9-21,2001-09-01,51,아파트,복도식,개별가스난방,전체동 설치,LH대구경북,59.88㎡,24.34㎡,"23,548,000원","131,320원","14,000,000원"
고령덕경인터빌,국민임대,경상북도 고령군 대가야읍 덕경길 9-21,2001-09-01,51,아파트,복도식,개별가스난방,전체동 설치,LH대구경북,26.64㎡,13.13㎡,"7,833,000원","43,770원",0원
고령덕경인터빌,국민임대,경상북도 고령군 대가야읍 덕경길 9-21,2001-09-01,51,아파트,복도식,개별가스난방,전체동 설치,LH대구경북,41.97㎡,17.59㎡,"13,997,000원","78,330원","3,000,000원"
울진윤준비치아트빌,국민임대,경상북도 울진군 죽변면 죽변북로 87,,85,아파트,계단식,개별가스난방,전체동 설치,LH대구경북,59.99㎡,26.71㎡,"22,719,000원","124,830원","12,000,000원"
울진윤준비치아트빌,국민임대,경상북도 울진군 죽변면 죽변북로 87,,85,아파트,계단식,개별가스난방,전체동 설치,LH대구경북,59.99㎡,21.51㎡,"22,719,000원","124,830원","12,000,000원"
울진윤준비치아트빌,국민임대,경상북도 울진군 죽변면 죽변북로 87,,85,아파트,계단식,개별가스난방,전체동 설치,LH대구경북,59.99㎡,22.98㎡,"22,719,000원","124,830원","12,000,000원"
일천푸른마을아파트,10년임대,경상북도 김천시 어모면 어모문화2길 19,,31,아파트,복도식,개별가스난방,전체동 설치,LH대구경북,62.37㎡,11.12㎡,0원,0원,0원
경산사동 휴먼시아 1단지,국민임대,경상북도 경산시 백자로10길 57,2009-07-31,896,아파트,혼합식,개별가스난방,전체동 설치,LH대구경북,51.93㎡,25.59㎡,"22,969,000원","194,730원","23,000,000원"
경산사동 휴먼시아 1단지,국민임대,경상북도 경산시 백자로10길 57,2009-07-31,896,아파트,혼합식,개별가스난방,전체동 설치,LH대구경북,39.82㎡,19.62㎡,"13,731,000원","117,330원","11,000,000원"
경산사동 휴먼시아 1단지,국민임대,경상북도 경산시 백자로10길 57,2009-07-31,896,아파트,혼합식,개별가스난방,전체동 설치,LH대구경북,46.9㎡,23.11㎡,"18,726,000원","158,540원","19,000,000원"
울릉천부LH천년나무,국민임대,경상북도 울릉군 북면 천부길 53-14,2017-10-31,16,아파트,,,,LH대구경북,21.73㎡,15.99㎡,"3,872,000원","109,000원","8,000,000원"
상주무양LH7단지아파트,국민임대,경상북도 상주시 동수4길 55,2013-12-17,737,아파트,혼합식,개별가스난방,전체동 설치,LH대구경북,59.97㎡,24.97㎡,"28,857,000원","323,680원","38,000,000원"
상주무양LH7단지아파트,국민임대,경상북도 상주시 동수4길 55,2013-12-17,737,아파트,혼합식,개별가스난방,전체동 설치,LH대구경북,33.4㎡,13.91㎡,"9,216,000원","133,850원","14,000,000원"
상주무양LH7단지아파트,국민임대,경상북도 상주시 동수4길 55,2013-12-17,737,아파트,혼합식,개별가스난방,전체동 설치,LH대구경북,36.95㎡,15.39㎡,"10,203,000원","148,120원","17,000,000원"
상주무양LH7단지아파트,국민임대,경상북도 상주시 동수4길 55,2013-12-17,737,아파트,혼합식,개별가스난방,전체동 설치,LH대구경북,36.96㎡,15.39㎡,"10,203,000원","148,120원","17,000,000원"
상주무양LH7단지아파트,국민임대,경상북도 상주시 동수4길 55,2013-12-17,737,아파트,혼합식,개별가스난방,전체동 설치,LH대구경북,49.86㎡,20.76㎡,"23,919,000원","230,420원","27,000,000원"
청송각산 1블록,영구임대,경상북도 청송군 진보면 체육공원로 52-11,2019-11-30,20,아파트,,,,LH대구경북,24.69㎡,12.28㎡,"9,405,000원","88,420원","10,000,000원"
우성한빛타운2차아파트,국민임대,경상북도 경주시 안강읍 화전길 71-4,2001-09-07,9,아파트,계단식,개별가스난방,전체동 설치,LH대구경북,56.81㎡,29.97㎡,"17,864,000원","98,610원","7,000,000원"
우성한빛타운2차아파트,국민임대,경상북도 경주시 안강읍 화전길 71-4,2001-09-07,9,아파트,계단식,개별가스난방,전체동 설치,LH대구경북,56.81㎡,18.01㎡,"17,864,000원","98,610원","7,000,000원"
옥동2주공아파트,영구임대,경상북도 안동시 은행나무로 106-3,1993-08-27,"1,164",아파트,복도식,중앙가스난방,전체동 설치,LH대구경북,31.32㎡,14.02㎡,"3,731,000원","83,020원","9,000,000원"
옥동2주공아파트,영구임대,경상북도 안동시 은행나무로 106-3,1993-08-27,"1,164",아파트,복도식,중앙가스난방,전체동 설치,LH대구경북,26.37㎡,12.17㎡,"3,141,000원","69,900원","7,000,000원"
옥동2주공아파트,영구임대,경상북도 안동시 은행나무로 106-3,1993-08-27,"1,164",아파트,복도식,중앙가스난방,전체동 설치,LH대구경북,26.37㎡,13.56㎡,"3,141,000원","69,900원","7,000,000원"
옥동2주공아파트,영구임대,경상북도 안동시 은행나무로 106-3,1993-08-27,"1,164",아파트,복도식,중앙가스난방,전체동 설치,LH대구경북,31.32㎡,12.64㎡,"3,731,000원","83,020원","9,000,000원"
경주용강주공아파트,영구임대,경상북도 경주시 승삼1길 34,1993-03-15,978,아파트,복도식,중앙가스난방,전체동 설치,LH대구경북,31.32㎡,14.02㎡,"3,731,000원","83,020원",0원
경주용강주공아파트,영구임대,경상북도 경주시 승삼1길 34,1993-03-15,978,아파트,복도식,중앙가스난방,전체동 설치,LH대구경북,26.37㎡,12.73㎡,"3,141,000원","69,900원",0원
경산백천주공,50년임대,경상북도 경산시 경청로222길 7,1995-08-31,239,아파트,복도식,중앙가스난방,전체동 설치,LH대구경북,49.36㎡,14.98㎡,"11,966,000원","210,290원","25,000,000원"
경산백천주공,50년임대,경상북도 경산시 경청로222길 7,1995-08-31,239,아파트,복도식,중앙가스난방,전체동 설치,LH대구경북,37.67㎡,13.66㎡,"9,545,000원","184,290원","22,000,000원"
경주전원홈그린,국민임대,경상북도 경주시 건천읍 단석로 1830-6,2000-10-03,40,아파트,계단식,개별가스난방,미설치,LH대구경북,39.96㎡,6.49㎡,"9,537,000원","52,000원",0원
포항장량휴먼시아5단지,국민임대,경상북도 포항시 북구 장량중앙로 117,2012-11-02,"1,006",아파트,혼합식,개별가스난방,전체동 설치,LH대구경북,59.88㎡,28.97㎡,"26,313,000원","286,370원","34,000,000원"
포항장량휴먼시아5단지,국민임대,경상북도 포항시 북구 장량중앙로 117,2012-11-02,"1,006",아파트,혼합식,개별가스난방,전체동 설치,LH대구경북,39.72㎡,19.22㎡,"14,516,000원","121,150원","12,000,000원"
포항장량휴먼시아5단지,국민임대,경상북도 포항시 북구 장량중앙로 117,2012-11-02,"1,006",아파트,혼합식,개별가스난방,전체동 설치,LH대구경북,39.83㎡,19.27㎡,"14,516,000원","121,150원","12,000,000원"
포항장량휴먼시아5단지,국민임대,경상북도 포항시 북구 장량중앙로 117,2012-11-02,"1,006",아파트,혼합식,개별가스난방,전체동 설치,LH대구경북,46.9㎡,22.69㎡,"20,221,000원","176,230원","21,000,000원"
포항장량휴먼시아5단지,국민임대,경상북도 포항시 북구 장량중앙로 117,2012-11-02,"1,006",아파트,혼합식,개별가스난방,전체동 설치,LH대구경북,51.93㎡,25.13㎡,"22,766,000원","253,330원","30,000,000원"
구평휴먼시아아파트,국민임대,경상북도 구미시 인동54길 25,2014-04-28,377,아파트,복도식,개별가스난방,전체동 설치,LH대구경북,46.9㎡,22.98㎡,"26,756,000원","185,810원","22,000,000원"
구평휴먼시아아파트,국민임대,경상북도 구미시 인동54길 25,2014-04-28,377,아파트,복도식,개별가스난방,전체동 설치,LH대구경북,36.55㎡,17.91㎡,"16,600,000원","117,670원","11,000,000원"
구평휴먼시아아파트,국민임대,경상북도 구미시 인동54길 25,2014-04-28,377,아파트,복도식,개별가스난방,전체동 설치,LH대구경북,39.62㎡,19.41㎡,"19,572,000원","136,250원","15,000,000원"
포항장량휴먼시아1단지,국민임대,경상북도 포항시 북구 장량중앙로 17,2010-10-21,900,아파트,혼합식,개별가스난방,전체동 설치,LH대구경북,59.88㎡,26.16㎡,"30,357,000원","214,270원","25,000,000원"
포항장량휴먼시아1단지,국민임대,경상북도 포항시 북구 장량중앙로 17,2010-10-21,900,아파트,혼합식,개별가스난방,전체동 설치,LH대구경북,39.72㎡,17.35㎡,"15,667,000원","103,680원","8,000,000원"
포항장량휴먼시아1단지,국민임대,경상북도 포항시 북구 장량중앙로 17,2010-10-21,900,아파트,혼합식,개별가스난방,전체동 설치,LH대구경북,51.93㎡,22.68㎡,"27,304,000원","184,330원","22,000,000원"
포항장량휴먼시아1단지,국민임대,경상북도 포항시 북구 장량중앙로 17,2010-10-21,900,아파트,혼합식,개별가스난방,전체동 설치,LH대구경북,51.95㎡,22.69㎡,"27,304,000원","184,330원","22,000,000원"
청송청솔타운,국민임대,경상북도 청송군 진보면 진보로 55,1998-09-27,101,아파트,복도식,개별가스난방,미설치,LH대구경북,37.35㎡,14.59㎡,"3,360,000원","62,260원",0원
칠곡왜관주공2단지,국민임대,경상북도 칠곡군 왜관읍 자조1길 10,2002-10-14,480,아파트,계단식,개별가스난방,전체동 설치,LH대구경북,59.83㎡,23.52㎡,"16,634,000원","176,170원","21,000,000원"
칠곡왜관주공2단지,국민임대,경상북도 칠곡군 왜관읍 자조1길 10,2002-10-14,480,아파트,계단식,개별가스난방,전체동 설치,LH대구경북,51.49㎡,20.24㎡,"14,315,000원","144,550원","16,000,000원"
칠곡왜관주공2단지,국민임대,경상북도 칠곡군 왜관읍 자조1길 10,2002-10-14,480,아파트,계단식,개별가스난방,전체동 설치,LH대구경북,51.74㎡,20.34㎡,"14,315,000원","144,550원","16,000,000원"
칠곡왜관주공2단지,국민임대,경상북도 칠곡군 왜관읍 자조1길 10,2002-10-14,480,아파트,계단식,개별가스난방,전체동 설치,LH대구경북,53.11㎡,20.88㎡,"14,769,000원","153,760원","18,000,000원"
경산진량우림필유,10년임대,경상북도 경산시 진량읍 봉황길 53,2007-05,11,아파트,계단식,개별가스난방,전체동 설치,LH대구경북,84.90㎡,26.78㎡,"55,169,000원","239,860원","34,000,000원"
경주안강장미마을,국민임대,경상북도 경주시 안강읍 구부랑두림길 122-5,1998-01-14,19,아파트,복도식,개별가스난방,미설치,LH대구경북,34.32㎡,15.64㎡,"2,625,000원","63,420원",0원
경주안강장미마을,국민임대,경상북도 경주시 안강읍 구부랑두림길 122-5,1998-01-14,19,아파트,복도식,개별가스난방,미설치,LH대구경북,26.28㎡,11.98㎡,"1,785,000원","50,290원",0원
창포주공1단지,영구임대,경상북도 포항시 북구 새천년대로1075번길 10,1994-04-13,984,아파트,복도식,중앙가스난방,전체동 설치,LH대구경북,31.32㎡,13.85㎡,"4,789,000원","88,910원","10,000,000원"
창포주공1단지,영구임대,경상북도 포항시 북구 새천년대로1075번길 10,1994-04-13,984,아파트,복도식,중앙가스난방,전체동 설치,LH대구경북,26.37㎡,12.75㎡,"4,032,000원","74,860원","8,000,000원"
창포주공1단지,영구임대,경상북도 포항시 북구 새천년대로1075번길 10,1994-04-13,984,아파트,복도식,중앙가스난방,전체동 설치,LH대구경북,26.37㎡,13.38㎡,"4,032,000원","74,860원","8,000,000원"
경북혁신 Ab-8블록 보금자리주택 공공임대,10년임대,경상북도 김천시 혁신4로 72,2015-05-01,281,아파트,,,,LH대구경북,84.98㎡,33.12㎡,"46,000,000원","580,000원","83,000,000원"
경북혁신 Ab-8블록 보금자리주택 공공임대,10년임대,경상북도 김천시 혁신4로 72,2015-05-01,281,아파트,,,,LH대구경북,59.95㎡,23.36㎡,"31,000,000원","416,000원","59,000,000원"
경북혁신 Ab-8블록 보금자리주택 공공임대,10년임대,경상북도 김천시 혁신4로 72,2015-05-01,281,아파트,,,,LH대구경북,59.99㎡,23.38㎡,"31,000,000원","416,000원","59,000,000원"
경북혁신 Ab-8블록 보금자리주택 공공임대,10년임대,경상북도 김천시 혁신4로 72,2015-05-01,281,아파트,,,,LH대구경북,74.9㎡,29.19㎡,"35,800,000원","550,000원","79,000,000원"
송도세잔베르체아파트,10년임대,경상북도 포항시 남구 운하로 136,2008-11-21,21,아파트,혼합식,개별가스난방,전체동 설치,LH대구경북,84.81㎡,24.61㎡,0원,0원,0원
김천삼락 1블록 행복주택,행복주택,경상북도 김천시 물망골길 71,2018-10-31,410,아파트,복도식,,전체동 설치,LH대구경북,36.63㎡,19.27㎡,"20,480,000원","119,460원","11,000,000원"
김천삼락 1블록 행복주택,행복주택,경상북도 김천시 물망골길 71,2018-10-31,410,아파트,복도식,,전체동 설치,LH대구경북,16.87㎡,9.65㎡,"10,360,000원","60,430원",0원
김천삼락 1블록 행복주택,행복주택,경상북도 김천시 물망골길 71,2018-10-31,410,아파트,복도식,,전체동 설치,LH대구경북,26.95㎡,14.56㎡,"15,080,000원","87,960원","5,000,000원"
청송각산 1블록,국민임대,경상북도 청송군 진보면 체육공원로 52-11,2019-11-30,80,아파트,,,,LH대구경북,46.09㎡,22.93㎡,"17,980,000원","143,000원","16,000,000원"
청송각산 1블록,국민임대,경상북도 청송군 진보면 체육공원로 52-11,2019-11-30,80,아파트,,,,LH대구경북,26.36㎡,13.11㎡,"4,380,000원","90,000원","6,000,000원"
청송각산 1블록,국민임대,경상북도 청송군 진보면 체육공원로 52-11,2019-11-30,80,아파트,,,,LH대구경북,26.48㎡,13.17㎡,"4,380,000원","90,000원","6,000,000원"
청송각산 1블록,국민임대,경상북도 청송군 진보면 체육공원로 52-11,2019-11-30,80,아파트,,,,LH대구경북,37.12㎡,18.47㎡,"11,790,000원","119,000원","11,000,000원"
매봉마을주공2단지,50년임대,경상북도 문경시 매봉1길 35,1998-06-30,428,아파트,복도식,중앙유류난방,전체동 설치,LH대구경북,49.95㎡,17.81㎡,"13,564,000원","173,080원","20,000,000원"
포항금호어울림,10년임대,경상북도 포항시 북구 우창동로 157,2008-12,1,아파트,계단식,개별가스난방,전체동 설치,LH대구경북,84.95㎡,31.72㎡,"60,411,000원","258,900원",0원
포항우성한빛타운아파트,국민임대,경상북도 포항시 남구 동해안로5876번길 6,2001-07,55,아파트,혼합식,개별가스난방,미설치,LH대구경북,42.38㎡,7.73㎡,"8,338,000원","46,170원",0원
포항우성한빛타운아파트,국민임대,경상북도 포항시 남구 동해안로5876번길 6,2001-07,55,아파트,혼합식,개별가스난방,미설치,LH대구경북,37.32㎡,6.80㎡,"6,465,000원","34,930원",0원
인의주공아파트,50년임대,경상북도 구미시 인동16길 48-1,2001-11-20,757,아파트,복도식,개별가스난방,전체동 설치,LH대구경북,49.86㎡,18.75㎡,"15,927,000원","150,750원","18,000,000원"
인의주공아파트,50년임대,경상북도 구미시 인동16길 48-1,2001-11-20,757,아파트,복도식,개별가스난방,전체동 설치,LH대구경북,39.64㎡,14.90㎡,"12,663,000원","121,370원","10,000,000원"
인의주공아파트,50년임대,경상북도 구미시 인동16길 48-1,2001-11-20,757,아파트,복도식,개별가스난방,전체동 설치,LH대구경북,39.94㎡,15.02㎡,"12,663,000원","121,370원","12,000,000원"
포항학산 주공아파트,영구임대,경상북도 포항시 북구 장미길 31,1992-12-10,485,아파트,복도식,중앙가스난방,전체동 설치,LH대구경북,26.37㎡,13.51㎡,"4,032,000원","74,860원",0원
포항학산 주공아파트,영구임대,경상북도 포항시 북구 장미길 31,1992-12-10,485,아파트,복도식,중앙가스난방,전체동 설치,LH대구경북,26.37㎡,12.73㎡,"4,032,000원","74,860원",0원
영주가흥주공,영구임대,경상북도 영주시 대학로 130,1993-09-30,745,아파트,복도식,중앙가스난방,전체동 설치,LH대구경북,31.32㎡,14.02㎡,"3,731,000원","83,020원","9,000,000원"
영주가흥주공,영구임대,경상북도 영주시 대학로 130,1993-09-30,745,아파트,복도식,중앙가스난방,전체동 설치,LH대구경북,26.37㎡,13.56㎡,"3,141,000원","69,900원","7,000,000원"
모전2주공아파트,영구임대,경상북도 문경시 매봉4길 25,1995-05-15,388,아파트,복도식,중앙유류난방,전체동 설치,LH대구경북,31.32㎡,13.13㎡,"7,677,000원","121,850원","14,000,000원"
모전2주공아파트,영구임대,경상북도 문경시 매봉4길 25,1995-05-15,388,아파트,복도식,중앙유류난방,전체동 설치,LH대구경북,26.37㎡,13.38㎡,"6,865,000원","111,670원","13,000,000원"
구미고아에덴타운,국민임대,경상북도 구미시 고아읍 선산대로 1220,,16,아파트,혼합식,개별가스난방,전체동 설치,LH대구경북,60㎡,15.96㎡,"17,199,000원","95,800원",0원
영천해피포유아파트,국민임대,경상북도 영천시 고경면 방천길 30,2007-05,28,아파트,계단식,개별가스난방,전체동 설치,LH대구경북,59.93㎡,23.43㎡,"27,344,000원","185,870원","22,000,000원"
청도범곡 휴먼시아,국민임대,경상북도 청도군 화양읍 범곡길 3-11,2010-05-28,354,아파트,혼합식,개별가스난방,전체동 설치,LH대구경북,59.89㎡,23.30㎡,"21,451,000원","158,060원","18,000,000원"
청도범곡 휴먼시아,국민임대,경상북도 청도군 화양읍 범곡길 3-11,2010-05-28,354,아파트,혼합식,개별가스난방,전체동 설치,LH대구경북,36.89㎡,14.35㎡,"9,537,000원","74,300원","2,000,000원"
청도범곡 휴먼시아,국민임대,경상북도 청도군 화양읍 범곡길 3-11,2010-05-28,354,아파트,혼합식,개별가스난방,전체동 설치,LH대구경북,39.48㎡,15.36㎡,"11,147,000원","86,700원","5,000,000원"
청도범곡 휴먼시아,국민임대,경상북도 청도군 화양읍 범곡길 3-11,2010-05-28,354,아파트,혼합식,개별가스난방,전체동 설치,LH대구경북,46.7㎡,18.17㎡,"15,483,000원","111,470원","10,000,000원"
청도범곡 휴먼시아,국민임대,경상북도 청도군 화양읍 범곡길 3-11,2010-05-28,354,아파트,혼합식,개별가스난방,전체동 설치,LH대구경북,46.9㎡,18.25㎡,"15,483,000원","111,470원","10,000,000원"
경산진량우림필유,10년임대,경상북도 경산시 진량읍 봉황길 53,2007-05,4,아파트,계단식,개별가스난방,전체동 설치,LH대구경북,84.90㎡,26.78㎡,"55,169,000원","239,860원","34,000,000원"
안동송현휴먼시아,국민임대,경상북도 안동시 송현길 16,2010-08-02,794,아파트,혼합식,개별가스난방,전체동 설치,LH대구경북,46.9㎡,21.26㎡,"19,819,000원","161,020원","19,000,000원"
안동송현휴먼시아,국민임대,경상북도 안동시 송현길 16,2010-08-02,794,아파트,혼합식,개별가스난방,전체동 설치,LH대구경북,36.63㎡,17.26㎡,"11,518,000원","111,470원","10,000,000원"
안동송현휴먼시아,국민임대,경상북도 안동시 송현길 16,2010-08-02,794,아파트,혼합식,개별가스난방,전체동 설치,LH대구경북,39.48㎡,17.90㎡,"14,863,000원","123,870원","12,000,000원"
울릉남서LH천년나무,국민임대,경상북도 울릉군 서면 남서길 25-59,2017-10-31,22,아파트,,,,LH대구경북,21.73㎡,16.09㎡,"4,216,000원","114,220원","7,000,000원"
울릉남서LH천년나무,국민임대,경상북도 울릉군 서면 남서길 25-59,2017-10-31,22,아파트,,,,LH대구경북,21.64㎡,16.02㎡,"4,216,000원","114,220원","7,000,000원"
송도세잔베르체아파트,10년임대,경상북도 포항시 남구 운하로 136,2008-11-21,13,아파트,혼합식,개별가스난방,전체동 설치,LH대구경북,84.81㎡,24.61㎡,0원,0원,0원
구미화성파크드림,10년임대,경상북도 구미시 박정희로 236-8,,10,아파트,계단식,개별가스난방,전체동 설치,LH대구경북,84.47㎡,26.04㎡,0원,0원,0원
안동옥동주공7단지,국민임대,경상북도 안동시 옥서1길 25,2008-04-29,910,아파트,혼합식,개별가스난방,전체동 설치,LH대구경북,59.88㎡,23.16㎡,"23,821,000원","198,600원","23,000,000원"
안동옥동주공7단지,국민임대,경상북도 안동시 옥서1길 25,2008-04-29,910,아파트,혼합식,개별가스난방,전체동 설치,LH대구경북,36.66㎡,14.18㎡,"10,917,000원","90,860원","6,000,000원"
안동옥동주공7단지,국민임대,경상북도 안동시 옥서1길 25,2008-04-29,910,아파트,혼합식,개별가스난방,전체동 설치,LH대구경북,36.92㎡,14.28㎡,"10,917,000원","90,860원","6,000,000원"
안동옥동주공7단지,국민임대,경상북도 안동시 옥서1길 25,2008-04-29,910,아파트,혼합식,개별가스난방,전체동 설치,LH대구경북,46.89㎡,18.14㎡,"15,966,000원","133,690원","14,000,000원"
안동옥동주공7단지,국민임대,경상북도 안동시 옥서1길 25,2008-04-29,910,아파트,혼합식,개별가스난방,전체동 설치,LH대구경북,46.9㎡,18.14㎡,"15,966,000원","133,690원","14,000,000원"
구미화성파크드림,10년임대,경상북도 구미시 박정희로 236-8,,6,아파트,계단식,개별가스난방,전체동 설치,LH대구경북,84.47㎡,26.04㎡,0원,0원,0원
울릉저동휴먼시아,국민임대,경상북도 울릉군 울릉읍 봉래길 176,2009-09-20,71,아파트,혼합식,개별유류난방,미설치,LH대구경북,50.54㎡,16.09㎡,"17,228,000원","117,330원",0원
울릉저동휴먼시아,국민임대,경상북도 울릉군 울릉읍 봉래길 176,2009-09-20,71,아파트,혼합식,개별유류난방,미설치,LH대구경북,38.99㎡,12.48㎡,"10,110,000원","68,650원",0원
울릉저동휴먼시아,국민임대,경상북도 울릉군 울릉읍 봉래길 176,2009-09-20,71,아파트,혼합식,개별유류난방,미설치,LH대구경북,45.74㎡,14.41㎡,"14,105,000원","96,110원",0원
안동옥동주공6단지,국민임대,경상북도 안동시 옥서1길 46,2007-11-16,996,아파트,혼합식,개별가스난방,전체동 설치,LH대구경북,59.57㎡,20.67㎡,"22,579,000원","180,630원","21,000,000원"
안동옥동주공6단지,국민임대,경상북도 안동시 옥서1길 46,2007-11-16,996,아파트,혼합식,개별가스난방,전체동 설치,LH대구경북,46.61㎡,16.17㎡,"15,252,000원","126,680원","13,000,000원"
안동옥동주공6단지,국민임대,경상북도 안동시 옥서1길 46,2007-11-16,996,아파트,혼합식,개별가스난방,전체동 설치,LH대구경북,51.86㎡,18.00㎡,"19,204,000원","154,270원","18,000,000원"
안동옥동주공6단지,국민임대,경상북도 안동시 옥서1길 46,2007-11-16,996,아파트,혼합식,개별가스난방,전체동 설치,LH대구경북,59.29㎡,20.58㎡,"22,579,000원","180,630원","21,000,000원"
경주외동아파트,국민임대,경상북도 경주시 외동읍 본동길 14,2013-04-30,499,아파트,복도식,개별가스난방,전체동 설치,LH대구경북,51.59㎡,23.21㎡,"22,138,000원","159,700원","19,000,000원"
경주외동아파트,국민임대,경상북도 경주시 외동읍 본동길 14,2013-04-30,499,아파트,복도식,개별가스난방,전체동 설치,LH대구경북,36.64㎡,17.05㎡,"10,242,000원","82,600원","4,000,000원"
경주외동아파트,국민임대,경상북도 경주시 외동읍 본동길 14,2013-04-30,499,아파트,복도식,개별가스난방,전체동 설치,LH대구경북,46.49㎡,21.12㎡,"18,173,000원","132,170원","14,000,000원"
고령디오팰리스,국민임대,경상북도 고령군 대가야읍 대가야로 1533,2007-01-01,180,아파트,계단식,개별가스난방,전체동 설치,LH대구경북,59.84㎡,13.28㎡,"24,583,000원","136,160원","15,000,000원"
군위서부1단지,국민임대,경상북도 군위군 군위읍 동산새길 50,,296,아파트,복도식,개별가스난방,전체동 설치,LH대구경북,51.94㎡,24.94㎡,"18,795,000원","156,450원","18,000,000원"
군위서부1단지,국민임대,경상북도 군위군 군위읍 동산새길 50,,296,아파트,복도식,개별가스난방,전체동 설치,LH대구경북,39.62㎡,19.02㎡,"11,235,000원","93,450원","6,000,000원"
군위서부1단지,국민임대,경상북도 군위군 군위읍 동산새길 50,,296,아파트,복도식,개별가스난방,전체동 설치,LH대구경북,46.89㎡,22.52㎡,"15,330,000원","128,100원","13,000,000원"
군위서부1단지,국민임대,경상북도 군위군 군위읍 동산새길 50,,296,아파트,복도식,개별가스난방,전체동 설치,LH대구경북,46.95㎡,22.54㎡,"15,330,000원","128,100원","13,000,000원"
군위서부1단지,국민임대,경상북도 군위군 군위읍 동산새길 50,,296,아파트,복도식,개별가스난방,전체동 설치,LH대구경북,51.93㎡,24.94㎡,"18,795,000원","156,450원","18,000,000원"
경산진량휴먼시아,국민임대,경상북도 경산시 진량읍 금호강변로 830-3,2008-12-10,458,아파트,혼합식,개별가스난방,전체동 설치,LH대구경북,59.89㎡,25.51㎡,"30,221,000원","205,060원","24,000,000원"
경산진량휴먼시아,국민임대,경상북도 경산시 진량읍 금호강변로 830-3,2008-12-10,458,아파트,혼합식,개별가스난방,전체동 설치,LH대구경북,39.49㎡,16.82㎡,"15,354,000원","104,840원","8,000,000원"
경산진량휴먼시아,국민임대,경상북도 경산시 진량읍 금호강변로 830-3,2008-12-10,458,아파트,혼합식,개별가스난방,전체동 설치,LH대구경북,39.62㎡,16.88㎡,"15,354,000원","104,840원","8,000,000원"
경산진량휴먼시아,국민임대,경상북도 경산시 진량읍 금호강변로 830-3,2008-12-10,458,아파트,혼합식,개별가스난방,전체동 설치,LH대구경북,39.63㎡,17.50㎡,"15,354,000원","104,840원","8,000,000원"
경산진량휴먼시아,국민임대,경상북도 경산시 진량읍 금호강변로 830-3,2008-12-10,458,아파트,혼합식,개별가스난방,전체동 설치,LH대구경북,46.59㎡,19.84㎡,"19,787,000원","134,300원","14,000,000원"
경산진량휴먼시아,국민임대,경상북도 경산시 진량읍 금호강변로 830-3,2008-12-10,458,아파트,혼합식,개별가스난방,전체동 설치,LH대구경북,46.7㎡,19.89㎡,"19,787,000원","134,300원","14,000,000원"
경산진량휴먼시아,국민임대,경상북도 경산시 진량읍 금호강변로 830-3,2008-12-10,458,아파트,혼합식,개별가스난방,전체동 설치,LH대구경북,46.9㎡,19.98㎡,"19,787,000원","134,300원","14,000,000원"
안동경신아파트,국민임대,경상북도 안동시 풍산읍 어란안길 20-8,,14,아파트,혼합식,개별가스난방,전체동 설치,LH대구경북,59.88㎡,18.17㎡,"18,085,000원","99,510원","7,000,000원"
안동경신아파트,국민임대,경상북도 안동시 풍산읍 어란안길 20-8,,14,아파트,혼합식,개별가스난방,전체동 설치,LH대구경북,41.88㎡,12.70㎡,"9,605,000원","52,750원",0원
안동경신아파트,국민임대,경상북도 안동시 풍산읍 어란안길 20-8,,14,아파트,혼합식,개별가스난방,전체동 설치,LH대구경북,54.04㎡,16.39㎡,"16,321,000원","89,940원","5,000,000원"
안동경신아파트,국민임대,경상북도 안동시 풍산읍 어란안길 20-8,,14,아파트,혼합식,개별가스난방,전체동 설치,LH대구경북,59.06㎡,17.92㎡,"17,844,000원","98,320원","7,000,000원"
상주부민강변타운,국민임대,경상북도 상주시 복룡냉림길 37,,9,아파트,복도식,개별가스난방,전체동 설치,LH대구경북,39.76㎡,11.38㎡,"8,788,000원","48,670원",0원
일천푸른마을아파트,국민임대,경상북도 김천시 어모면 어모문화2길 19,,31,아파트,복도식,개별가스난방,전체동 설치,LH대구경북,48.90㎡,12.31㎡,"10,773,000원","60,460원",0원
경북혁신도시 Ab9블록,10년임대,경상북도 김천시 용전3로 10,2015-05-01,286,아파트,,,,LH대구경북,74.98㎡,27.76㎡,"35,800,000원","550,000원","79,000,000원"
경북혁신도시 Ab9블록,10년임대,경상북도 김천시 용전3로 10,2015-05-01,286,아파트,,,,LH대구경북,59.95㎡,22.20㎡,"31,000,000원","416,000원","59,000,000원"
경북혁신도시 Ab9블록,10년임대,경상북도 김천시 용전3로 10,2015-05-01,286,아파트,,,,LH대구경북,59.99㎡,22.21㎡,"31,000,000원","416,000원","59,000,000원"
경북혁신도시 Ab9블록,10년임대,경상북도 김천시 용전3로 10,2015-05-01,286,아파트,,,,LH대구경북,74.9㎡,27.73㎡,"35,800,000원","550,000원","79,000,000원"
상주함창 A-1BL 국민임대,국민임대,경상북도 상주시 함창읍 함령길 138,2016-07-19,316,아파트,,,,LH대구경북,46.93㎡,26.60㎡,"20,998,000원","264,630원","31,000,000원"
상주함창 A-1BL 국민임대,국민임대,경상북도 상주시 함창읍 함령길 138,2016-07-19,316,아파트,,,,LH대구경북,29.91㎡,16.95㎡,"7,783,000원","155,850원","18,000,000원"
상주함창 A-1BL 국민임대,국민임대,경상북도 상주시 함창읍 함령길 138,2016-07-19,316,아파트,,,,LH대구경북,36.53㎡,20.71㎡,"9,506,000원","200,830원","24,000,000원"
포항금호어울림,10년임대,경상북도 포항시 북구 우창동로 157,2008-12,32,아파트,계단식,개별가스난방,전체동 설치,LH대구경북,84.95㎡,31.72㎡,"60,411,000원","258,900원",0원
포항금호어울림,10년임대,경상북도 포항시 북구 우창동로 157,2008-12,32,아파트,계단식,개별가스난방,전체동 설치,LH대구경북,84.81㎡,35.56㎡,"60,411,000원","258,900원",0원
포항금호어울림,10년임대,경상북도 포항시 북구 우창동로 157,2008-12,32,아파트,계단식,개별가스난방,전체동 설치,LH대구경북,84.81㎡,35.91㎡,"60,411,000원","258,900원",0원
구미화성파크드림,10년임대,경상북도 구미시 박정희로 236-8,,2,아파트,계단식,개별가스난방,전체동 설치,LH대구경북,84.47㎡,26.04㎡,0원,0원,0원
경주안강LH아파트,국민임대,경상북도 경주시 안강읍 안강중앙로 141,2014-01-24,456,아파트,복도식,개별가스난방,전체동 설치,LH대구경북,49.11㎡,23.38㎡,"18,252,000원","152,100원","18,000,000원"
경주안강LH아파트,국민임대,경상북도 경주시 안강읍 안강중앙로 141,2014-01-24,456,아파트,복도식,개별가스난방,전체동 설치,LH대구경북,36.51㎡,17.38㎡,"9,126,000원","93,360원","6,000,000원"
경주안강LH아파트,국민임대,경상북도 경주시 안강읍 안강중앙로 141,2014-01-24,456,아파트,복도식,개별가스난방,전체동 설치,LH대구경북,36.96㎡,17.60㎡,"9,126,000원","93,360원","6,000,000원"
경주안강LH아파트,국민임대,경상북도 경주시 안강읍 안강중앙로 141,2014-01-24,456,아파트,복도식,개별가스난방,전체동 설치,LH대구경북,39.09㎡,18.61㎡,"11,748,000원","97,550원","7,000,000원"
경주안강LH아파트,국민임대,경상북도 경주시 안강읍 안강중앙로 141,2014-01-24,456,아파트,복도식,개별가스난방,전체동 설치,LH대구경북,39.57㎡,18.84㎡,"11,748,000원","97,550원","7,000,000원"
경주안강LH아파트,국민임대,경상북도 경주시 안강읍 안강중앙로 141,2014-01-24,456,아파트,복도식,개별가스난방,전체동 설치,LH대구경북,47㎡,22.38㎡,"17,098,000원","142,660원","16,000,000원"
금강아파트,영구임대,경상북도 경주시 초당길137번길 35,1994-03-15,99,아파트,복도식,개별가스난방,전체동 설치,경주시,34.02㎡,12.28㎡,"2,004,650원","36,750원",0원
경주위덕삼성타운아파트,국민임대,경상북도 경주시 강동면 동해대로 166-11,1999-09-12,394,아파트,복도식,개별가스난방,전체동 설치,LH대구경북,49.52㎡,14.43㎡,"15,937,000원","87,530원","5,000,000원"
경주위덕삼성타운아파트,국민임대,경상북도 경주시 강동면 동해대로 166-11,1999-09-12,394,아파트,복도식,개별가스난방,전체동 설치,LH대구경북,39.99㎡,9.80㎡,"9,904,000원","53,950원",0원
경주건천휴먼시아,국민임대,경상북도 경주시 건천읍 대곡용명길 27,2010-08-27,443,아파트,복도식,개별가스난방,전체동 설치,LH대구경북,51.97㎡,24.85㎡,"21,889,000원","155,530원","18,000,000원"
경주건천휴먼시아,국민임대,경상북도 경주시 건천읍 대곡용명길 27,2010-08-27,443,아파트,복도식,개별가스난방,전체동 설치,LH대구경북,33.48㎡,16.01㎡,"9,792,000원","69,110원","1,000,000원"
경주건천휴먼시아,국민임대,경상북도 경주시 건천읍 대곡용명길 27,2010-08-27,443,아파트,복도식,개별가스난방,전체동 설치,LH대구경북,41.99㎡,20.08㎡,"13,824,000원","97,920원","7,000,000원"
경주건천휴먼시아,국민임대,경상북도 경주시 건천읍 대곡용명길 27,2010-08-27,443,아파트,복도식,개별가스난방,전체동 설치,LH대구경북,46.9㎡,22.43㎡,"17,281,000원","126,720원","13,000,000원"
칠곡왜관주공3단지,국민임대,경상북도 칠곡군 왜관읍 평장7길 11,2007-11-01,631,아파트,혼합식,개별가스난방,전체동 설치,LH대구경북,59.99㎡,23.70㎡,"22,345,000원","185,810원","22,000,000원"
칠곡왜관주공3단지,국민임대,경상북도 칠곡군 왜관읍 평장7길 11,2007-11-01,631,아파트,혼합식,개별가스난방,전체동 설치,LH대구경북,51.77㎡,20.45㎡,"18,048,000원","149,880원","17,000,000원"
경산진량우림필유,10년임대,경상북도 경산시 진량읍 봉황길 53,2007-05,12,아파트,계단식,개별가스난방,전체동 설치,LH대구경북,84.90㎡,26.78㎡,"55,169,000원","239,860원","34,000,000원"
경산진량우림필유,10년임대,경상북도 경산시 진량읍 봉황길 53,2007-05,6,아파트,계단식,개별가스난방,전체동 설치,LH대구경북,84.90㎡,26.78㎡,"55,169,000원","239,860원","34,000,000원"
경산진량우림필유,10년임대,경상북도 경산시 진량읍 봉황길 53,2007-05,2,아파트,계단식,개별가스난방,전체동 설치,LH대구경북,84.90㎡,26.78㎡,"55,169,000원","239,860원","34,000,000원"
영주가흥4단지아파트,국민임대,경상북도 영주시 가흥로 345-27,2013-12-13,374,아파트,복도식,개별가스난방,전체동 설치,LH대구경북,51.93㎡,27.44㎡,"24,577,000원","237,000원","28,000,000원"
영주가흥4단지아파트,국민임대,경상북도 영주시 가흥로 345-27,2013-12-13,374,아파트,복도식,개별가스난방,전체동 설치,LH대구경북,26.12㎡,13.80㎡,"7,131,000원","98,750원","7,000,000원"
영주가흥4단지아파트,국민임대,경상북도 영주시 가흥로 345-27,2013-12-13,374,아파트,복도식,개별가스난방,전체동 설치,LH대구경북,36.57㎡,19.32㎡,"9,984,000원","144,820원","16,000,000원"
울진읍내휴먼시아,국민임대,경상북도 울진군 울진읍 월변2길 56-21,2009-01-16,280,아파트,혼합식,개별가스난방,전체동 설치,LH대구경북,59.89㎡,25.54㎡,"24,218,000원","164,770원","19,000,000원"
울진읍내휴먼시아,국민임대,경상북도 울진군 울진읍 월변2길 56-21,2009-01-16,280,아파트,혼합식,개별가스난방,전체동 설치,LH대구경북,39.63㎡,17.52㎡,"11,858,000원","81,130원","4,000,000원"
울진읍내휴먼시아,국민임대,경상북도 울진군 울진읍 월변2길 56-21,2009-01-16,280,아파트,혼합식,개별가스난방,전체동 설치,LH대구경북,46.9㎡,20.00㎡,"16,104,000원","109,840원","9,000,000원"
포항금호어울림,10년임대,경상북도 포항시 북구 우창동로 157,2008-12,14,아파트,계단식,개별가스난방,전체동 설치,LH대구경북,84.95㎡,31.72㎡,"60,411,000원","258,900원",0원
포항금호어울림,10년임대,경상북도 포항시 북구 우창동로 157,2008-12,14,아파트,계단식,개별가스난방,전체동 설치,LH대구경북,84.81㎡,35.56㎡,"60,411,000원","258,900원",0원
구미화성파크드림,10년임대,경상북도 구미시 박정희로 236-8,,10,아파트,계단식,개별가스난방,전체동 설치,LH대구경북,84.47㎡,26.04㎡,0원,0원,0원
포항보운메트로타워,10년임대,경상북도 포항시 남구 중앙로121번길 10,2008-02,20,아파트,계단식,개별가스난방,전체동 설치,LH대구경북,84.90㎡,23.61㎡,"62,877,000원","283,560원",0원
청송각산 1블록 영구임대,영구임대,경상북도 청송군 진보면 체육공원로 52-11,2019-11-30,20,아파트,,,,LH대구경북,24.69㎡,12.28㎡,"9,405,000원","88,420원",0원
안동운흥 A2블록 행복주택,행복주택,경상북도 안동시 축제장1길 77,2020-10-02,200,아파트,,,,LH대구경북,36.75㎡,16.56㎡,"31,600,000원","158,000원","19,000,000원"
안동운흥 A2블록 행복주택,행복주택,경상북도 안동시 축제장1길 77,2020-10-02,200,아파트,,,,LH대구경북,16.72㎡,7.53㎡,"13,320,000원","66,600원","2,000,000원"
안동운흥 A2블록 행복주택,행복주택,경상북도 안동시 축제장1길 77,2020-10-02,200,아파트,,,,LH대구경북,26.58㎡,11.97㎡,"21,280,000원","106,400원","11,000,000원"
영천야사4,영구임대,경상북도 영천시 충효로 147,1994-06-15,447,아파트,복도식,중앙유류난방,전체동 설치,LH대구경북,31.32㎡,13.85㎡,"8,122,000원","131,140원","15,000,000원"
영천야사4,영구임대,경상북도 영천시 충효로 147,1994-06-15,447,아파트,복도식,중앙유류난방,전체동 설치,LH대구경북,26.37㎡,13.38㎡,"7,134,000원","118,880원","14,000,000원"
영천망정휴먼시아5단지,국민임대,경상북도 영천시 망정로 80,2011-12-15,603,아파트,복도식,개별가스난방,전체동 설치,LH대구경북,51.93㎡,25.32㎡,"25,614,000원","160,490원","19,000,000원"
영천망정휴먼시아5단지,국민임대,경상북도 영천시 망정로 80,2011-12-15,603,아파트,복도식,개별가스난방,전체동 설치,LH대구경북,39.57㎡,19.30㎡,"14,181,000원","97,840원","7,000,000원"
영천망정휴먼시아5단지,국민임대,경상북도 영천시 망정로 80,2011-12-15,603,아파트,복도식,개별가스난방,전체동 설치,LH대구경북,39.93㎡,19.47㎡,"14,181,000원","97,840원","7,000,000원"
영천망정휴먼시아5단지,국민임대,경상북도 영천시 망정로 80,2011-12-15,603,아파트,복도식,개별가스난방,전체동 설치,LH대구경북,46.9㎡,22.87㎡,"19,897,000원","135,210원","15,000,000원"
영양동부아파트,국민임대,경상북도 영양군 영양읍 영양창수로 93,2013-08-09,200,아파트,복도식,개별가스난방,전체동 설치,LH대구경북,46.48㎡,22.76㎡,"14,331,000원","114,650원","10,000,000원"
영양동부아파트,국민임대,경상북도 영양군 영양읍 영양창수로 93,2013-08-09,200,아파트,복도식,개별가스난방,전체동 설치,LH대구경북,36.77㎡,18.38㎡,"8,598,000원","74,510원","2,000,000원"
영양동부아파트,국민임대,경상북도 영양군 영양읍 영양창수로 93,2013-08-09,200,아파트,복도식,개별가스난방,전체동 설치,LH대구경북,46.46㎡,22.76㎡,"14,331,000원","114,650원","10,000,000원"
한동화성타운,국민임대,경상북도 경주시 안강읍 피일길 86-17,1998-01-01,183,아파트,계단식,개별가스난방,미설치,LH대구경북,59.97㎡,7.07㎡,"15,206,000원","84,090원","4,000,000원"
한동화성타운,국민임대,경상북도 경주시 안강읍 피일길 86-17,1998-01-01,183,아파트,계단식,개별가스난방,미설치,LH대구경북,39.85㎡,6.24㎡,"7,487,000원","41,460원",0원
의성상리휴먼시아,국민임대,경상북도 의성군 의성읍 동서1길 114,2010-11-12,408,아파트,혼합식,개별가스난방,전체동 설치,LH대구경북,59.23㎡,27.00㎡,"24,032,000원","168,210원","20,000,000원"
의성상리휴먼시아,국민임대,경상북도 의성군 의성읍 동서1길 114,2010-11-12,408,아파트,혼합식,개별가스난방,전체동 설치,LH대구경북,36.57㎡,16.67㎡,"9,611,000원","78,090원","3,000,000원"
의성상리휴먼시아,국민임대,경상북도 의성군 의성읍 동서1길 114,2010-11-12,408,아파트,혼합식,개별가스난방,전체동 설치,LH대구경북,36.61㎡,16.69㎡,"9,611,000원","78,090원","3,000,000원"
의성상리휴먼시아,국민임대,경상북도 의성군 의성읍 동서1길 114,2010-11-12,408,아파트,혼합식,개별가스난방,전체동 설치,LH대구경북,46.54㎡,21.22㎡,"15,980,000원","108,130원","9,000,000원"
경산초원장미타운아파트,국민임대,경상북도 경산시 진량읍 초원길 53-6,1996-09-04,3,아파트,계단식,개별가스난방,전체동 설치,LH대구경북,59.88㎡,17.97㎡,"15,228,000원","83,630원","4,000,000원"
포항금호어울림,10년임대,경상북도 포항시 북구 우창동로 157,2008-12,22,아파트,계단식,개별가스난방,전체동 설치,LH대구경북,84.95㎡,31.72㎡,"60,411,000원","258,900원",0원
포항금호어울림,10년임대,경상북도 포항시 북구 우창동로 157,2008-12,22,아파트,계단식,개별가스난방,전체동 설치,LH대구경북,84.81㎡,35.56㎡,"60,411,000원","258,900원",0원
구미화성파크드림,10년임대,경상북도 구미시 박정희로 236-8,,4,아파트,계단식,개별가스난방,전체동 설치,LH대구경북,84.47㎡,26.04㎡,0원,0원,0원
울릉도동LH천년나무,국민임대,경상북도 울릉군 울릉읍 울릉순환로 333,2019-09-01,72,아파트,복도식,개별유류난방,,LH대구경북,46.99㎡,29.45㎡,"21,340,000원","258,000원","15,000,000원"
울릉도동LH천년나무,국민임대,경상북도 울릉군 울릉읍 울릉순환로 333,2019-09-01,72,아파트,복도식,개별유류난방,,LH대구경북,21.73㎡,13.62㎡,"4,120,000원","112,000원","8,000,000원"
울릉도동LH천년나무,국민임대,경상북도 울릉군 울릉읍 울릉순환로 333,2019-09-01,72,아파트,복도식,개별유류난방,,LH대구경북,36.85㎡,23.10㎡,"9,621,000원","204,000원","13,000,000원"
부흥아파트,영구임대,경상북도 김천시 시청6길 7,1993-09-25,100,아파트,계단식,개별가스난방,미설치,김천시,27.72㎡,8.6㎡,"1,314,000원","28,900원",0원
포항우성한빛타운아파트,국민임대,경상북도 포항시 남구 동해안로5876번길 6,2001-07,84,아파트,혼합식,개별가스난방,미설치,LH대구경북,48.21㎡,8.79㎡,"10,808,000원","59,910원",0원
구미도량2지구3단지,국민임대,경상북도 구미시 도봉로5길 33,2003-12-24,490,아파트,복도식,개별가스난방,전체동 설치,LH대구경북,45.92㎡,21.44㎡,"13,338,000원","158,550원","19,000,000원"
구미도량2지구3단지,국민임대,경상북도 구미시 도봉로5길 33,2003-12-24,490,아파트,복도식,개별가스난방,전체동 설치,LH대구경북,36.54㎡,17.06㎡,"10,706,000원","125,280원","13,000,000원"
구미도량2지구3단지,국민임대,경상북도 구미시 도봉로5길 33,2003-12-24,490,아파트,복도식,개별가스난방,전체동 설치,LH대구경북,45.32㎡,21.16㎡,"13,338,000원","158,190원","18,000,000원"
도산휴먼시아아파트,국민임대,경상북도 구미시 문장로12길 45,2008-06-12,292,아파트,복도식,개별가스난방,전체동 설치,LH대구경북,51.93㎡,26.12㎡,"23,367,000원","194,720원","23,000,000원"
도산휴먼시아아파트,국민임대,경상북도 구미시 문장로12길 45,2008-06-12,292,아파트,복도식,개별가스난방,전체동 설치,LH대구경북,39.48㎡,19.85㎡,"14,019,000원","116,820원","11,000,000원"
도산휴먼시아아파트,국민임대,경상북도 구미시 문장로12길 45,2008-06-12,292,아파트,복도식,개별가스난방,전체동 설치,LH대구경북,39.72㎡,19.97㎡,"14,019,000원","116,820원","11,000,000원"
도산휴먼시아아파트,국민임대,경상북도 구미시 문장로12길 45,2008-06-12,292,아파트,복도식,개별가스난방,전체동 설치,LH대구경북,46.9㎡,23.59㎡,"19,212,000원","159,660원","19,000,000원"
상주냉림3주공아파트,영구임대,경상북도 상주시 냉림2길 111,1995-08-14,478,아파트,복도식,중앙유류난방,전체동 설치,LH대구경북,31.32㎡,13.04㎡,"8,383,000원","126,790원","15,000,000원"
상주냉림3주공아파트,영구임대,경상북도 상주시 냉림2길 111,1995-08-14,478,아파트,복도식,중앙유류난방,전체동 설치,LH대구경북,26.37㎡,12.61㎡,"7,365,000원","114,610원","13,000,000원"
한동그린타운,국민임대,경상북도 경주시 안강읍 피일길 82,1999-10-16,385,아파트,계단식,개별가스난방,미설치,LH대구경북,59.96㎡,6.86㎡,"15,235,000원","84,250원","4,000,000원"
한동그린타운,국민임대,경상북도 경주시 안강읍 피일길 82,1999-10-16,385,아파트,계단식,개별가스난방,미설치,LH대구경북,39.97㎡,6.38㎡,"7,502,000원","41,530원",0원
우성한빛타운1차아파트,국민임대,경상북도 경주시 안강읍 화전중앙길 14-2,2000-09,158,아파트,복도식,개별가스난방,전체동 설치,LH대구경북,39.99㎡,13.50㎡,"8,537,000원","47,410원",0원
왜관휴먼시아4단지,국민임대,경상북도 칠곡군 왜관읍 관문로1길 24,2008-06-13,528,아파트,복도식,개별가스난방,전체동 설치,LH대구경북,51.93㎡,24.94㎡,"20,380,000원","170,040원","20,000,000원"
왜관휴먼시아4단지,국민임대,경상북도 칠곡군 왜관읍 관문로1길 24,2008-06-13,528,아파트,복도식,개별가스난방,전체동 설치,LH대구경북,39.48㎡,18.96㎡,"11,811,000원","97,350원","7,000,000원"
왜관휴먼시아4단지,국민임대,경상북도 칠곡군 왜관읍 관문로1길 24,2008-06-13,528,아파트,복도식,개별가스난방,전체동 설치,LH대구경북,39.72㎡,19.08㎡,"11,811,000원","97,350원","7,000,000원"
왜관휴먼시아4단지,국민임대,경상북도 칠곡군 왜관읍 관문로1길 24,2008-06-13,528,아파트,복도식,개별가스난방,전체동 설치,LH대구경북,46.9㎡,22.52㎡,"16,486,000원","136,310원","15,000,000원"
영천해피포유(공임),10년임대,경상북도 영천시 고경면 방천길 30,2007-05,58,아파트,계단식,개별가스난방,전체동 설치,LH대구경북,84.68㎡,25.49㎡,0원,0원,0원
영천문외지구,5년임대,경상북도 영천시 충효로 39,2019-12-31,126,아파트,,,,LH대구경북,51.54㎡,24.18㎡,"25,800,000원","340,000원","23,000,000원"
영천문외지구,5년임대,경상북도 영천시 충효로 39,2019-12-31,126,아파트,,,,LH대구경북,39.99㎡,18.76㎡,"14,500,000원","290,000원","41,000,000원"
경산삼주봉황1차,국민임대,경상북도 경산시 진량읍 봉황길 31,1996-12-01,37,아파트,복도식,개별가스난방,전체동 설치,LH대구경북,59.26㎡,23.46㎡,"19,076,000원","106,510원","9,000,000원"
경산삼주봉황1차,국민임대,경상북도 경산시 진량읍 봉황길 31,1996-12-01,37,아파트,복도식,개별가스난방,전체동 설치,LH대구경북,33.54㎡,13.28㎡,"8,670,000원","48,290원",0원
장원하이드파크주상복합,10년임대,경상북도 문경시 남부4길 13,,32,아파트,계단식,개별가스난방,전체동 설치,LH대구경북,84.84㎡,17.86㎡,0원,0원,0원
장원하이드파크주상복합,10년임대,경상북도 문경시 남부4길 13,,32,아파트,계단식,개별가스난방,전체동 설치,LH대구경북,71.89㎡,13.20㎡,0원,0원,0원
장원하이드파크주상복합,10년임대,경상북도 문경시 남부4길 13,,32,아파트,계단식,개별가스난방,전체동 설치,LH대구경북,84.03㎡,17.54㎡,0원,0원,0원
장원하이드파크주상복합,10년임대,경상북도 문경시 남부4길 13,,32,아파트,계단식,개별가스난방,전체동 설치,LH대구경북,84.73㎡,15.99㎡,0원,0원,0원
장원하이드파크주상복합,10년임대,경상북도 문경시 남부4길 13,,32,아파트,계단식,개별가스난방,전체동 설치,LH대구경북,84.73㎡,17.68㎡,0원,0원,0원
장원하이드파크주상복합,10년임대,경상북도 문경시 남부4길 13,,32,아파트,계단식,개별가스난방,전체동 설치,LH대구경북,84.73㎡,17.84㎡,0원,0원,0원
장원하이드파크주상복합,10년임대,경상북도 문경시 남부4길 13,,32,아파트,계단식,개별가스난방,전체동 설치,LH대구경북,84.84㎡,17.71㎡,0원,0원,0원
